{
    "Information": [
        "This file provides default values for the deployment wizard inside Visual Studio and the AWS Lambda commands added to the .NET SDK.",
        "To learn more about the Lambda commands with the .NET SDK execute the following command at the command line in the project root directory.",
        "dotnet lambda help",
        "All the command line options for the Lambda command can be specified in this file."
    ],
    "profile": "",
    "region": "us-east-1",
    "configuration": "Release",
    "function-runtime": "dotnet8",
    "function-memory-size": 256,
    "function-timeout": 30,
    "function-handler": "StudentAPI::StudentAPI.LambdaEntryPoint::FunctionHandler",
    "function-name": "StudentAPI",
    "function-description": "Student API Lambda function",
    "package-type": "Zip",
    "function-architecture": "arm64",
    "function-role": "arn:aws:iam::670513421403:role/StudentAPI-lambda-role1",
    "function-subnets": "",
    "function-security-groups": "",
    "tracing-mode": "PassThrough",
    "environment-variables": ""
}